{"feedVersion":"835557","lastIndex":10,"items":[{"publisherId":3172,"location":1,"thumbnail":"","publisherType":2,"title":"","publisherName":"Vy Oanh","publisherAvatar":"http:\/\/photo-zmp3.zadn.vn\/thumb\/240_240\/avatars\/3\/9\/394659692a460258b45a99f1424ea357_1469531919.jpg","shortDesc":"","link":"","likes":0,"countries":"","isOfficial":0,"activityId":98092,"type":3,"modifiedDate":1552336804,"id":835557,"activityName":"chia sẻ ảnh","createdDate":1552315855,"comments":0,"publishedDate":1552336800,"content":{"layoutType":12,"extraData":"","photos":[{"url":"https:\/\/photo-zmedia-zmp3.zadn.vn\/493983e4bda154ff0db0"}]},"description":"Nghe xong câu đó con không biết làm gì hơn là thu xếp công việc, bay qua rồi về liền. Ước gì con có thể hát dc cả 4 show luôn cho tưng bừng. Show của mom lúc nào cũng hoành tráng, đông vui❤️"},{"publisherId":1,"location":1,"thumbnail":"","publisherType":0,"title":"Nhạc Rap Việt Mới Nhất 2018","publisherName":"Music4U","publisherAvatar":"http:\/\/photo-zmp3.zadn.vn\/thumb\/240_240\/avatars\/9\/f\/e\/f\/9fef3b1caa2dc88ef3d25ec81f450314.jpg","shortDesc":"","link":"","likes":1311,"countries":"","isOfficial":1,"activityId":341654,"type":6,"modifiedDate":1552321502,"id":565523,"activityName":"đề xuất playlist","createdDate":1543217880,"comments":2,"publishedDate":1552334176,"content":{"extraData":"","assetType":3,"albumInfo":{"userId":298,"username":"Zing MP3","status":1,"title":"Nhạc Rap Việt Mới Nhất 2018","contentOwner":"Unknown Provider","link":"https:\/\/mp3.zing.vn\/album\/Nhac-Rap-Viet-Moi-Nhat-2018-Various-Artists\/ZOCD7BDW.html","zId":0,"releaseDate":"","isAlbum":false,"bgImage":"","songs":{"lastIndex":5,"items":[{"album":"Tất Cả Tại Anh (Single)","status":1,"title":"Tất Cả Tại Anh","adsDis":false,"lrc":"http:\/\/static.mp3.zdn.vn\/lyrics\/6\/c\/9\/3\/6c93281a3cdf0314912e36a604ee578b.lrc","duration":271,"releaseDate":null,"contentOwner":"Zing","link":"https:\/\/mp3.zing.vn\/bai-hat\/Tat-Ca-Tai-Anh-Karik-Emma\/ZWAI99II.html","dwnStatus":1,"streamingStatus":1,"isOfficial":true,"albumId":"1107052446","hasVideo":true,"gId":"1,8,9","id":1078478993,"modifiedDate":1552029835,"thumb":"http:\/\/photo-zmp3.zadn.vn\/thumb\/240_240\/cover\/6\/c\/7\/a\/6c7a2d3d84ca867bc107460f9afb9d84.jpg","art":"Karik, Emma","lrcId":"7068016,7068487","hasDwnType":"64,128,320,lossless,m4a","gName":"Việt Nam,Nhạc Trẻ,Rap Việt","artId":"7907,646404","cName":"Karik","thumbVideo":"http:\/\/photo-zmp3.zadn.vn\/thumb\/240_135\/thumb_video\/f\/f\/9\/4\/ff9494e22434e947eed58a855aeb2770.jpg","isWorld":true,"username":""},{"album":"Em Có Thể (Single)","status":1,"title":"Em Có Thể","adsDis":false,"lrc":"http:\/\/static.mp3.zdn.vn\/lyrics\/2\/a\/6\/0\/2a605a352882d45501317e0b96e05104.lrc","duration":212,"releaseDate":null,"contentOwner":"Zing","link":"https:\/\/mp3.zing.vn\/bai-hat\/Em-Co-The-OSAD-VRT\/ZWA0FBAZ.html","dwnStatus":1,"streamingStatus":1,"isOfficial":true,"albumId":"1106650865","hasVideo":true,"gId":"1,8,9","id":1078438693,"modifiedDate":1552029673,"thumb":"http:\/\/photo-zmp3.zadn.vn\/thumb\/240_240\/cover\/1\/7\/d\/0\/17d0ca70286a6c9a924bc36b5d97483f.jpg","art":"OSAD, VRT","lrcId":"7067385,7069862,7069402,7068479","hasDwnType":"64,128,320,lossless,m4a","gName":"Việt Nam,Nhạc Trẻ,Rap Việt","artId":"603978,600357","cName":"OSAD","thumbVideo":"http:\/\/photo-zmp3.zadn.vn\/thumb\/240_135\/thumb_video\/c\/1\/1\/0\/c1106fbefaf082036bc510edbc06b068.jpg","isWorld":true,"username":""},{"album":"EWNU (Yêu Nữ) (Single)","status":1,"title":"EWNU (Yêu Nữ)","adsDis":false,"lrc":"http:\/\/static.mp3.zdn.vn\/lyrics\/4\/b\/4\/4\/4b44400aeb885ac639a33b15207ffc68.lrc","duration":265,"releaseDate":null,"contentOwner":"Zing","link":"https:\/\/mp3.zing.vn\/bai-hat\/EWNU-Yeu-Nu-Dr-A-PM-Vercynus\/ZWA0AWI8.html","dwnStatus":1,"streamingStatus":1,"isOfficial":true,"albumId":"1106497817","hasVideo":false,"gId":"1,8,66,9","id":1078415768,"modifiedDate":1552028446,"thumb":"http:\/\/photo-zmp3.zadn.vn\/thumb\/240_240\/cover\/6\/7\/d\/5\/67d52a0570e2549942be335965dfed43.jpg","art":"Dr A, PM, Vercynus","lrcId":"7067127","hasDwnType":"64,128,320,lossless,m4a","gName":"Việt Nam,Nhạc Trẻ,Dance Việt,Rap Việt","artId":"609013,618469,630478","cName":"Dr A, PM, Vercynus","thumbVideo":"","isWorld":true,"username":""},{"album":"Thương Thì Nói Rằng Thương (Single)","status":1,"title":"Thương Thì Nói Rằng Thương","adsDis":false,"lrc":"http:\/\/static.mp3.zdn.vn\/lyrics\/b\/e\/d\/4\/bed49068e4bb52c3aed5d36ec156e51e.lrc","duration":255,"releaseDate":null,"contentOwner":"Zing","link":"https:\/\/mp3.zing.vn\/bai-hat\/Thuong-Thi-Noi-Rang-Thuong-Krix-Rush-Nhi-Nhi\/ZWAI98CB.html","dwnStatus":1,"streamingStatus":1,"isOfficial":true,"albumId":"1107045485","hasVideo":true,"gId":"1,8,9","id":1078478923,"modifiedDate":1552029834,"thumb":"http:\/\/photo-zmp3.zadn.vn\/thumb\/240_240\/cover\/8\/7\/6\/b\/876b8736be50b7653676300713c71300.jpg","art":"Krix, Rush, Nhi Nhi","lrcId":"7068008,7068332","hasDwnType":"64,128,320,lossless,m4a","gName":"Việt Nam,Nhạc Trẻ,Rap Việt","artId":"604810,604809,646400","cName":"Krix, Rush","thumbVideo":"http:\/\/photo-zmp3.zadn.vn\/thumb\/240_135\/thumb_video\/3\/5\/3\/e\/353eea0816f20269912d205865d22d7d.jpg","isWorld":true,"username":""},{"album":"Rapper Thị Trường (Single)","status":1,"title":"Rapper Thị Trường","adsDis":false,"lrc":"http:\/\/static.mp3.zdn.vn\/lyrics\/d\/5\/4\/4\/d544ed41db3a7dc66107ef8b99ecd43d.lrc","duration":175,"releaseDate":null,"contentOwner":"Zing","link":"https:\/\/mp3.zing.vn\/bai-hat\/Rapper-Thi-Truong-SG-Prider\/ZWAIWCCI.html","dwnStatus":1,"streamingStatus":1,"isOfficial":true,"albumId":"1106738378","hasVideo":true,"gId":"1,8,9","id":1078451265,"modifiedDate":1545395392,"thumb":"http:\/\/photo-zmp3.zadn.vn\/thumb\/240_240\/cover\/9\/5\/e\/4\/95e4bd12e7e7793365eab8b51a2dac88.jpg","art":"SG Prider","lrcId":"7067536","hasDwnType":"64,128,320,lossless,m4a","gName":"Việt Nam,Nhạc Trẻ,Rap Việt","artId":"67183","cName":"Unknown","thumbVideo":"http:\/\/photo-zmp3.zadn.vn\/thumb\/240_135\/thumb_video\/6\/6\/0\/c\/660c36c676ba8ad4eb3f1b47fa0095a3.jpg","isWorld":true,"username":""}],"isMore":true,"total":64},"totalSong":64,"isOfficial":true,"modifiedDate":1551865110,"gId":"1,8,9","id":1098132306,"thumb":"http:\/\/photo-zmp3.zadn.vn\/thumb\/240_240\/cover\/4\/6\/c\/1\/46c128e80048dc5a6a4502dd5a06fa83.jpg","art":"Various Artists","gName":"Việt Nam,Nhạc Trẻ,Rap Việt","artId":"2086","desc":"Cập nhật cực nhanh các bản Rap Việt mới nhất hiện nay trên Zing MP3","privacy":1,"isHit":false,"isWorld":false}},"description":"Cập nhật cực nhanh các bản Rap Việt mới nhất hiện nay trên Zing MP3"},{"publisherId":12298,"location":1,"thumbnail":"","publisherType":2,"title":"","publisherName":"Jang Mi","publisherAvatar":"http:\/\/photo-zmp3.zadn.vn\/thumb\/240_240\/avatars\/d\/1\/d122f030d505f3a4f51cc333343e95ee_1499850029.jpg","shortDesc":"","link":"","likes":62,"countries":"","isOfficial":0,"activityId":98092,"type":3,"modifiedDate":1552315804,"id":835341,"activityName":"chia sẻ ảnh","createdDate":1552312429,"comments":2,"publishedDate":1552315800,"content":{"layoutType":15,"extraData":"","photos":[{"url":"https:\/\/photo-zmedia-zmp3.zadn.vn\/c321b6fd88b861e638a9"},{"url":"https:\/\/photo-zmedia-zmp3.zadn.vn\/ff4f8d93b3d65a8803c7"}]},"description":"Áo vàng có làm cho ai đó hoang mang??? 🤪😂"},{"publisherId":58991,"location":1,"thumbnail":"","publisherType":2,"title":"","publisherName":"Khói","publisherAvatar":"http:\/\/photo-zmp3.zadn.vn\/thumb\/240_240\/avatars\/f\/3\/7\/9\/f379890cb5d8c89336122edd468edc5a.jpg","shortDesc":"","link":"","likes":40,"countries":"","isOfficial":0,"activityId":98092,"type":3,"modifiedDate":1552314744,"id":835348,"activityName":"chia sẻ ảnh","createdDate":1552287269,"comments":1,"publishedDate":1552314720,"content":{"layoutType":1,"extraData":"","photos":[{"url":"https:\/\/photo-zmedia-zmp3.zadn.vn\/220ba7d6999370cd2982"}]},"description":"Lần đầu tiên ký liên tục 1 mớ chữ ký ko giống nhau là mấy như vậy.\nNói rồi, anh em cứ mạnh dạn xông lên chụp hình với trẫm đi.\nVì ngay cả ngân hàng nó còn k cho trẫm rút tiền vì ký sai kia kìa 🤔🤔🤔"},{"publisherId":16,"location":1,"thumbnail":"","publisherType":2,"title":"","publisherName":"Đàm Vĩnh Hưng","publisherAvatar":"http:\/\/photo-zmp3.zadn.vn\/thumb\/240_240\/avatars\/6\/f\/9\/5\/6f95a5545394cf4b65830cab489788e8.jpg","shortDesc":"","link":"","likes":69,"countries":"","isOfficial":0,"activityId":98092,"type":3,"modifiedDate":1552314634,"id":835326,"activityName":"chia sẻ ảnh","createdDate":1552312299,"comments":2,"publishedDate":1552314600,"content":{"layoutType":12,"extraData":"","photos":[{"url":"https:\/\/photo-zmedia-zmp3.zadn.vn\/03387ee440a1a9fff0b0"}]},"description":"Xin cám ơn mr Tuấn chủ tịch hội đồng hương Quảng Nam và btc hội đã ghi nhận và trân trọng em như rứa! \nLuôn luôn hãnh diện mỗi khi giới thiệu mình là ngừơi miền Trung trứơc những câu hỏi DVH là người ở đâu ?\nQuê ngoại là Vĩnh Điện - Điện Bàn \nHưng sinh ra ở Sài Gòn - nhưng từ nhỏ đã sống và thích nghi với tất cả những tập tục, khẩu vị, giọng nói ,suy nghĩ của một người miền Trung .... Vì vại  I'm a middle Vietnamese"},{"publisherId":39959,"location":1,"thumbnail":"","publisherType":2,"title":"","publisherName":"Sunmi","publisherAvatar":"http:\/\/photo-zmp3.zadn.vn\/thumb\/240_240\/avatars\/5\/8\/5\/e\/585ec8f61231679d6e5d0dba3d2445fe.jpg","shortDesc":"","link":"","likes":36,"countries":"","isOfficial":0,"activityId":98092,"type":3,"modifiedDate":1552314542,"id":835187,"activityName":"chia sẻ ảnh","createdDate":1552308747,"comments":1,"publishedDate":1552314540,"content":{"layoutType":10,"extraData":"","photos":[{"url":"https:\/\/photo-zmedia-zmp3.zadn.vn\/b26a85b6bbf352ad0be2"},{"url":"https:\/\/photo-zmedia-zmp3.zadn.vn\/531868c45681bfdfe690"},{"url":"https:\/\/photo-zmedia-zmp3.zadn.vn\/5e0266de589bb1c5e88a"},{"url":"https:\/\/photo-zmedia-zmp3.zadn.vn\/7fd54609784c9112c85d"},{"url":"https:\/\/photo-zmedia-zmp3.zadn.vn\/54e862345c71b52fec60"}]},"description":"❤❤❤"},{"publisherId":16409,"location":1,"thumbnail":"","publisherType":2,"title":"","publisherName":"Chi Dân","publisherAvatar":"http:\/\/photo-zmp3.zadn.vn\/thumb\/240_240\/avatars\/6\/0\/a\/f\/60af7b54b6bae5a97f085372fd3cc937.jpg","shortDesc":"","link":"","likes":313,"countries":"","isOfficial":0,"activityId":98092,"type":3,"modifiedDate":1552313457,"id":834897,"activityName":"chia sẻ ảnh","createdDate":1552304139,"comments":9,"publishedDate":1552313400,"content":{"layoutType":3,"extraData":"","photos":[{"url":"https:\/\/photo-zmedia-zmp3.zadn.vn\/f96512b92cfcc5a29ced"},{"url":"https:\/\/photo-zmedia-zmp3.zadn.vn\/0ca3e57fdb3a32646b2b"},{"url":"https:\/\/photo-zmedia-zmp3.zadn.vn\/f17019ac27e9ceb797f8"}]},"description":"A ngồi đây nhìn về nơi xa ấy\nAnh chờ em chờ hoài sao chẳng thấy\nBao mùa qua giờ này bên hiên lá vẫn rơi đầy\nTình yêu của anh vẫn như vậy."},{"publisherId":3663,"location":1,"thumbnail":"","publisherType":2,"title":"","publisherName":"Phạm Trưởng","publisherAvatar":"http:\/\/photo-zmp3.zadn.vn\/thumb\/240_240\/avatars\/2\/3\/23a670e7b003e5874d1d37827c7e62dc_1514786205.jpg","shortDesc":"","link":"","likes":36,"countries":"","isOfficial":0,"activityId":98092,"type":3,"modifiedDate":1552313108,"id":835228,"activityName":"chia sẻ ảnh","createdDate":1552309400,"comments":1,"publishedDate":1552313100,"content":{"layoutType":12,"extraData":"","photos":[{"url":"https:\/\/photo-zmedia-zmp3.zadn.vn\/acede831d6743f2a6665"}]},"description":"24\/3 mình ra phố đi bộ Bùi Viện quẫy mới được..."},{"publisherId":64539,"location":1,"thumbnail":"","publisherType":2,"title":"","publisherName":"Charlie Puth","publisherAvatar":"http:\/\/photo-zmp3.zadn.vn\/thumb\/240_240\/avatars\/9\/d\/c\/b\/9dcb4e8b8786587eef0a33ef56030517.jpg","shortDesc":"","link":"","likes":131,"countries":"","isOfficial":0,"activityId":98092,"type":3,"modifiedDate":1552312817,"id":833717,"activityName":"chia sẻ ảnh","createdDate":1552226545,"comments":2,"publishedDate":1552312800,"content":{"layoutType":13,"extraData":"","photos":[{"url":"https:\/\/photo-zmedia-zmp3.zadn.vn\/88a6687f563abf64e62b"}]},"description":""},{"publisherId":1,"location":1,"thumbnail":"","publisherType":0,"title":"Những Bài Hát Hay Nhất Của B Ray","publisherName":"Music4U","publisherAvatar":"http:\/\/photo-zmp3.zadn.vn\/thumb\/240_240\/avatars\/9\/f\/e\/f\/9fef3b1caa2dc88ef3d25ec81f450314.jpg","shortDesc":"","link":"","likes":149,"countries":"","isOfficial":1,"activityId":341654,"type":6,"modifiedDate":1552325363,"id":565688,"activityName":"đề xuất playlist","createdDate":1543227123,"comments":1,"publishedDate":1552311798,"content":{"extraData":"","assetType":3,"albumInfo":{"userId":255,"username":"Zing MP3","status":1,"title":"Những Bài Hát Hay Nhất Của B Ray","contentOwner":"Zing","link":"https:\/\/mp3.zing.vn\/album\/Nhung-Bai-Hat-Hay-Nhat-Cua-B-Ray-B-Ray\/ZODEAZBA.html","zId":0,"releaseDate":"","isAlbum":false,"bgImage":"","songs":{"lastIndex":5,"items":[{"album":"Con Trai Cưng (Single)","status":1,"title":"Con Trai Cưng","adsDis":false,"lrc":"http:\/\/static.mp3.zdn.vn\/lyrics\/2\/8\/3\/b\/283b7b44589527d237222bd3161276dc.lrc","duration":192,"releaseDate":null,"contentOwner":"Zing","link":"https:\/\/mp3.zing.vn\/bai-hat\/Con-Trai-Cung-K-ICM-B-Ray\/ZW9FU0A0.html","dwnStatus":1,"streamingStatus":1,"isOfficial":true,"albumId":"1104626202","hasVideo":true,"gId":"1,8,9","id":1078325280,"modifiedDate":1552026349,"thumb":"http:\/\/photo-zmp3.zadn.vn\/thumb\/240_240\/cover\/7\/1\/b\/1\/71b166227f44f5a2ea975e1f2dcf4601.jpg","art":"K-ICM, B Ray","lrcId":"7064281,7064727,7065736","hasDwnType":"64,128,320,lossless,m4a","gName":"Việt Nam,Nhạc Trẻ,Rap Việt","artId":"434859,59861","cName":"B Ray","thumbVideo":"http:\/\/photo-zmp3.zadn.vn\/thumb\/240_135\/thumb_video\/4\/a\/5\/8\/4a58588130393a63d30509093af4b728.jpg","isWorld":true,"username":""},{"album":"B.S.N.L 2 (Masew Mix)","status":1,"title":"B.S.N.L 2 (Masew Mix)","adsDis":false,"lrc":"http:\/\/static.mp3.zdn.vn\/lyrics\/2017\/12\/23\/7782ea5f6adf2c08bfd1a4a54111da74_1076375417.lrc","duration":259,"releaseDate":null,"contentOwner":"Zing","link":"https:\/\/mp3.zing.vn\/bai-hat\/B-S-N-L-2-Masew-Mix-B-Ray-Young-H-Masew\/ZW8I7FF9.html","dwnStatus":1,"streamingStatus":1,"isOfficial":true,"albumId":"1091568795","hasVideo":false,"gId":"1,9,66","id":1076375417,"modifiedDate":1552030389,"thumb":"http:\/\/photo-zmp3.zadn.vn\/thumb\/240_240\/covers\/0\/e\/0ef1f17940cae55bcc3c642d2e2fbdd3_1504988997.jpg","art":"B Ray, Young H, Masew","lrcId":"5089085","hasDwnType":"128,320,lossless,m4a","gName":"Việt Nam,Rap Việt,Dance Việt","artId":"59861,8008,427761","cName":"Unknown","thumbVideo":"","isWorld":true,"username":""},{"album":"Ở Trong Thành Phố (Single)","status":1,"title":"Ở Trong Thành Phố (Masew Mix)","adsDis":false,"lrc":"http:\/\/static.mp3.zdn.vn\/lyrics\/2017\/12\/23\/b514a9759c6bd7ffcd1c066b3294c5ad_1076463928.lrc","duration":185,"releaseDate":null,"contentOwner":"Zing","link":"https:\/\/mp3.zing.vn\/bai-hat\/O-Trong-Thanh-Pho-Masew-Mix-B-Ray-Masew\/ZW8WD9B8.html","dwnStatus":1,"streamingStatus":1,"isOfficial":true,"albumId":"1091584145","hasVideo":false,"gId":"1,8","id":1076463928,"modifiedDate":1552031862,"thumb":"http:\/\/photo-zmp3.zadn.vn\/thumb\/240_240\/covers\/3\/f\/3fb2db6cccf4a23383383394b28b2b31_1513592477.jpg","art":"B Ray, Masew","lrcId":"7024759,7038043","hasDwnType":"128,320,lossless,m4a","gName":"Việt Nam,Nhạc Trẻ","artId":"59861,427761","cName":"B Ray, Masew","thumbVideo":"","isWorld":true,"username":""},{"album":"","status":1,"title":"Ba Da Bum","adsDis":false,"lrc":"http:\/\/static.mp3.zdn.vn\/lyrics\/1\/e\/f\/8\/1ef873c62e2d6acbf769e4b3a43f4695.lrc","duration":175,"releaseDate":null,"contentOwner":"Unknown Provider","link":"https:\/\/mp3.zing.vn\/bai-hat\/Ba-Da-Bum-B-Ray\/ZW7U7UCB.html","dwnStatus":3,"streamingStatus":3,"isOfficial":true,"albumId":"","hasVideo":false,"gId":"1,8,9","id":1075520587,"modifiedDate":1463718671,"thumb":"","art":"B Ray","lrcId":"3778799","hasDwnType":"128","gName":"Việt Nam,Nhạc Trẻ,Rap Việt","artId":"59861","cName":"Unknown","thumbVideo":"","isWorld":false,"username":""},{"album":"Đâu Đó (Single)","status":1,"title":"Đâu Đó","adsDis":false,"lrc":"http:\/\/static.mp3.zdn.vn\/lyrics\/2\/9\/7\/f\/297fc579bf1744460e0939a0bcff9370.lrc","duration":248,"releaseDate":null,"contentOwner":"Zing","link":"https:\/\/mp3.zing.vn\/bai-hat\/Dau-Do-B-Ray-Masew-Nhat-Nguyen\/ZW9EOWF0.html","dwnStatus":1,"streamingStatus":1,"isOfficial":true,"albumId":"1100331781","hasVideo":true,"gId":"1,8,9","id":1078256240,"modifiedDate":1552025029,"thumb":"http:\/\/photo-zmp3.zadn.vn\/thumb\/240_240\/cover\/e\/7\/1\/a\/e71ac03d5dd148573fc808d125e1179f.jpg","art":"B Ray, Masew, Nhật Nguyễn","lrcId":"7059851","hasDwnType":"64,128,320,lossless,m4a","gName":"Việt Nam,Nhạc Trẻ,Rap Việt","artId":"59861,427761,66592","cName":"B Ray, Masew","thumbVideo":"http:\/\/photo-zmp3.zadn.vn\/thumb\/240_135\/thumb_video\/f\/5\/e\/7\/f5e7a1c54d66dc3a2eb61e5e2e3c9bcb.jpg","isWorld":true,"username":""}],"isMore":true,"total":15},"totalSong":15,"isOfficial":true,"modifiedDate":1546661460,"gId":"1,9","id":1099257146,"thumb":"http:\/\/photo-zmp3.zadn.vn\/thumb\/240_240\/cover\/7\/8\/0\/8\/780890055206945ad82edf21c2932304.jpg","art":"B Ray","gName":"Việt Nam,Rap Việt","artId":"59861","desc":"Tuyển tập những bài hát hay nhất của B Ray","privacy":1,"isHit":false,"isWorld":false}},"description":"Tuyển tập những bài hát hay nhất của B Ray"}],"isMore":true,"total":722,"likedIds":[]}