{"err":0,"data":[{"type":1,"placeholder":1,"title":"Dành cho bạn"},{"placeholder":2,"isMore":true,"lastIndex":20,"title":"Mọi người đang xem","type":1,"total":100,"items":[{"isFav":false,"plays":1056,"status":1,"title":"Bối Rối (Cover)","adsDis":false,"contentOwner":"Zing","lrc":"","releaseDate":null,"duration":146,"link":"https:\/\/mp3.zing.vn\/video-clip\/Boi-Roi-Cover-Jang-Mi\/ZWAB09U6.html","dwnStatus":1,"favs":48,"streamingStatus":1,"isOfficial":true,"hasAudio":true,"albumId":"1110746085","gId":"1,8,12109","modifiedDate":1551698759,"id":1079097542,"artAvatar":"http:\/\/photo-zmp3.zadn.vn\/thumb\/240_240\/avatars\/d\/1\/d122f030d505f3a4f51cc333343e95ee_1499850029.jpg","thumb":"http:\/\/photo-zmp3.zadn.vn\/thumb\/240_135\/thumb_video\/e\/8\/9\/d\/e89d88a672db39f9046114d1b833b6ac.jpg","art":"Jang Mi","lrcId":"7072635","gName":"Việt Nam,Nhạc Trẻ,V-Pop","artId":"12298","cName":"Đông Nhi","isWorld":true,"username":""},{"isFav":false,"plays":93172,"status":1,"title":"Tình Khôn Nguôi","adsDis":false,"contentOwner":"Zing","lrc":"","releaseDate":null,"duration":348,"link":"https:\/\/mp3.zing.vn\/video-clip\/Tinh-Khon-Nguoi-Le-Quyen\/ZWA7WADD.html","dwnStatus":1,"favs":1348,"streamingStatus":1,"isOfficial":true,"hasAudio":true,"albumId":"1108121835,1109090333","gId":"1,8,12109","modifiedDate":1548674624,"id":1078843997,"artAvatar":"http:\/\/photo-zmp3.zadn.vn\/thumb\/240_240\/avatars\/3\/3\/d\/5\/33d5c02a49a4234de695ac978b416029.jpg","thumb":"http:\/\/photo-zmp3.zadn.vn\/thumb\/240_135\/thumb_video\/4\/c\/6\/2\/4c62e655178113f31ac3a8e26ecf5f2b.jpg","art":"Lệ Quyên","lrcId":"7069268","gName":"Việt Nam,Nhạc Trẻ,V-Pop","artId":"100","cName":"Nguyễn Minh Cường","isWorld":true,"username":""},{"isFav":false,"plays":134705,"status":1,"title":"Mẹ Anh Bảo Cưới","adsDis":false,"contentOwner":"Zing","lrc":"","releaseDate":null,"duration":250,"link":"https:\/\/mp3.zing.vn\/video-clip\/Me-Anh-Bao-Cuoi-Hoang-Ton-Mr-T\/ZWA8UFCW.html","dwnStatus":1,"favs":2055,"streamingStatus":1,"isOfficial":true,"hasAudio":true,"albumId":"1109596313","gId":"1,8,12109","modifiedDate":1549943559,"id":1078918978,"artAvatar":"http:\/\/photo-zmp3.zadn.vn\/thumb\/240_240\/avatars\/3\/d\/7\/b\/3d7b5e9db8d3dbaf96f89ea1c49a2066.jpg","thumb":"http:\/\/photo-zmp3.zadn.vn\/thumb\/240_135\/thumb_video\/4\/1\/2\/2\/412252c754b71b6802288435742a8177.jpg","art":"Hoàng Tôn, Mr.T","lrcId":"7071059","gName":"Việt Nam,Nhạc Trẻ,V-Pop","artId":"9436,7407","cName":"Nguyễn Thương, Tuấn Dũng","isWorld":true,"username":""},{"isFav":false,"plays":165561,"status":1,"title":"Em Sẽ Là Cô Dâu (Remix)","adsDis":false,"contentOwner":"Zing","lrc":"","releaseDate":null,"duration":265,"link":"https:\/\/mp3.zing.vn\/video-clip\/Em-Se-La-Co-Dau-Remix-Minh-Vuong-M4U\/ZWA8UOBE.html","dwnStatus":1,"favs":4413,"streamingStatus":1,"isOfficial":true,"hasAudio":true,"albumId":"1109194090","gId":"1,8,12110","modifiedDate":1548921086,"id":1078915902,"artAvatar":"http:\/\/photo-zmp3.zadn.vn\/thumb\/240_240\/avatars\/8\/1\/8142308a12a798886cc342e51b436fec_1511496189.jpg","thumb":"http:\/\/photo-zmp3.zadn.vn\/thumb\/240_135\/thumb_video\/e\/5\/d\/e\/e5de7a97537dbdfb073bf311f669509e.jpg","art":"Minh Vương M4U","lrcId":"7070779","gName":"Việt Nam,Nhạc Trẻ,EDM Việt","artId":"3879","cName":"Hoàng Bảo Nam","isWorld":true,"username":""},{"isFav":false,"plays":179033,"status":1,"title":"Người Ta Hỏi Anh","adsDis":false,"contentOwner":"Zing","lrc":"","releaseDate":null,"duration":289,"link":"https:\/\/mp3.zing.vn\/video-clip\/Nguoi-Ta-Hoi-Anh-Nhat-Tinh-Anh\/ZWA97A8F.html","dwnStatus":1,"favs":254,"streamingStatus":1,"isOfficial":true,"hasAudio":true,"albumId":"1110385064","gId":"1,8,12109","modifiedDate":1551439856,"id":1078995471,"artAvatar":"http:\/\/photo-zmp3.zadn.vn\/thumb\/240_240\/avatars\/d\/1\/0\/e\/d10e0b8283a60e5d0365ef70c6ca8d3b.jpg","thumb":"http:\/\/photo-zmp3.zadn.vn\/thumb\/240_135\/thumb_video\/5\/6\/9\/b\/569b12c408496e1f3ff45267199964c1.jpg","art":"Nhật Tinh Anh","lrcId":"7072102","gName":"Việt Nam,Nhạc Trẻ,V-Pop","artId":"2292","cName":"Tiến Nguyễn","isWorld":true,"username":""},{"isFav":false,"plays":118615,"status":1,"title":"Quay Lưng Về Nhau","adsDis":false,"contentOwner":"Zing","lrc":"","releaseDate":null,"duration":297,"link":"https:\/\/mp3.zing.vn\/video-clip\/Quay-Lung-Ve-Nhau-Le-Bao-Binh\/ZWA7UA9A.html","dwnStatus":1,"favs":2258,"streamingStatus":1,"isOfficial":true,"hasAudio":true,"albumId":"1108776992","gId":"1,8,12109","modifiedDate":1548408147,"id":1078852122,"artAvatar":"http:\/\/photo-zmp3.zadn.vn\/thumb\/240_240\/avatars\/a\/5\/3\/7\/a53786e6d5671c6a87c29ab79d5c0251.jpg","thumb":"http:\/\/photo-zmp3.zadn.vn\/thumb\/240_135\/thumb_video\/d\/a\/2\/3\/da234fad72f8c76a2183da98d6a386ef.jpg","art":"Lê Bảo Bình","lrcId":"7070168","gName":"Việt Nam,Nhạc Trẻ,V-Pop","artId":"24591","cName":"Lê Bảo Bình","isWorld":true,"username":""},{"isFav":false,"plays":2185,"status":1,"title":"Dành Cả Thanh Xuân Cho Một Người","adsDis":false,"contentOwner":"Zing","lrc":"","releaseDate":null,"duration":322,"link":"https:\/\/mp3.zing.vn\/video-clip\/Danh-Ca-Thanh-Xuan-Cho-Mot-Nguoi-Truong-Quynh-Anh\/ZWAB08AO.html","dwnStatus":1,"favs":61,"streamingStatus":1,"isOfficial":true,"hasAudio":true,"albumId":"1110738493","gId":"1,8,12109","modifiedDate":1551703329,"id":1079097379,"artAvatar":"http:\/\/photo-zmp3.zadn.vn\/thumb\/240_240\/avatars\/1\/7\/170d632a3afa46e0b9699e3f23c3a553_1470125521.jpg","thumb":"http:\/\/photo-zmp3.zadn.vn\/thumb\/240_135\/thumb_video\/5\/6\/c\/3\/56c3559a118911bb4579115d81a96408.jpg","art":"Trương Quỳnh Anh","lrcId":"7072610","gName":"Việt Nam,Nhạc Trẻ,V-Pop","artId":"3148","cName":"Phúc Trường","isWorld":true,"username":""},{"isFav":false,"plays":54151,"status":1,"title":"Bông Hoa Chẳng Thuộc Về Ta","adsDis":false,"contentOwner":"Zing","lrc":"","releaseDate":null,"duration":198,"link":"https:\/\/mp3.zing.vn\/video-clip\/Bong-Hoa-Chang-Thuoc-Ve-Ta-Viet-Deus\/ZWA7W6ID.html","dwnStatus":1,"favs":1248,"streamingStatus":1,"isOfficial":true,"hasAudio":true,"albumId":"1108054818","gId":"1,8,12109","modifiedDate":1550719866,"id":1078842781,"artAvatar":"http:\/\/photo-zmp3.zadn.vn\/thumb\/240_240\/avatars\/d\/0\/6\/8\/d068a2958f1b7e420534b4311ed682b3.jpg","thumb":"http:\/\/photo-zmp3.zadn.vn\/thumb\/240_135\/thumb_video\/b\/d\/6\/0\/bd6096c7c2bec351af4dc6ed33d762bc.jpg","art":"Việt, Deus","lrcId":"7069198","gName":"Việt Nam,Nhạc Trẻ,V-Pop","artId":"704447,704449","cName":"Việt, Deus","isWorld":true,"username":""},{"isFav":false,"plays":51644,"status":1,"title":"Đúng Người Đúng Thời Điểm","adsDis":false,"contentOwner":"Zing","lrc":"","releaseDate":null,"duration":322,"link":"https:\/\/mp3.zing.vn\/video-clip\/Dung-Nguoi-Dung-Thoi-Diem-Thanh-Hung\/ZWAWZ0AI.html","dwnStatus":1,"favs":919,"streamingStatus":1,"isOfficial":true,"hasAudio":true,"albumId":"1107565172","gId":"1,8,12109","modifiedDate":1551438372,"id":1078525985,"artAvatar":"http:\/\/photo-zmp3.zadn.vn\/thumb\/240_240\/avatars\/c\/7\/2\/5\/c7251165037599f02bbcee8550b37c16.jpg","thumb":"http:\/\/photo-zmp3.zadn.vn\/thumb\/240_135\/thumb_video\/e\/d\/0\/a\/ed0a7b439a8df97d5458dc16ca155a64.jpg","art":"Thanh Hưng","lrcId":"7068439,7071033","gName":"Việt Nam,Nhạc Trẻ,V-Pop","artId":"22237","cName":"Thanh Hưng","isWorld":true,"username":""},{"isFav":false,"plays":59349,"status":1,"title":"Đôi Lứa Đôi Nơi","adsDis":false,"contentOwner":"Zing","lrc":"","releaseDate":null,"duration":371,"link":"https:\/\/mp3.zing.vn\/video-clip\/Doi-Lua-Doi-Noi-Khang-Viet-Saka-Truong-Tuyen\/ZWA8Z6I8.html","dwnStatus":1,"favs":1726,"streamingStatus":1,"isOfficial":true,"hasAudio":true,"albumId":"1109727149","gId":"1,8,12109","modifiedDate":1550198328,"id":1078920600,"artAvatar":"http:\/\/photo-zmp3.zadn.vn\/thumb\/240_240\/avatars\/a\/1\/2\/2\/a122f0c547f1d243d4037aff1788f8a7.jpg","thumb":"http:\/\/photo-zmp3.zadn.vn\/thumb\/240_135\/thumb_video\/0\/9\/e\/b\/09eb9b25861a0ee8da5129b4bc7444e8.jpg","art":"Khang Việt, Saka Trương Tuyền","lrcId":"7071178","gName":"Việt Nam,Nhạc Trẻ,V-Pop","artId":"2813,9485","cName":"Nhạc Hoa Lời Việt, Nguyên Chấn Phong","isWorld":true,"username":""},{"isFav":false,"plays":6245,"status":1,"title":"Chia Tay Khi Còn Yêu","adsDis":false,"contentOwner":"Zing","lrc":"","releaseDate":null,"duration":270,"link":"https:\/\/mp3.zing.vn\/video-clip\/Chia-Tay-Khi-Con-Yeu-Trang-Ta\/ZWAAZZD6.html","dwnStatus":1,"favs":94,"streamingStatus":1,"isOfficial":true,"hasAudio":true,"albumId":"1110577830","gId":"1,8,12109","modifiedDate":1551692706,"id":1079051606,"artAvatar":"http:\/\/photo-zmp3.zadn.vn\/thumb\/240_240\/avatars\/2\/f\/b\/e\/2fbe79ab56990bc0e85600d1226b205f.jpg","thumb":"http:\/\/photo-zmp3.zadn.vn\/thumb\/240_135\/thumb_video\/d\/4\/3\/b\/d43b4d5d943d982a46031a74fbbc8642.jpg","art":"Trang Tạ","lrcId":"7072515","gName":"Việt Nam,Nhạc Trẻ,V-Pop","artId":"613940","cName":"Trang Tạ","isWorld":true,"username":""},{"isFav":false,"plays":12599,"status":1,"title":"Anh Không Thề Gì Đâu Anh Làm","adsDis":false,"contentOwner":"Zing","lrc":"","releaseDate":null,"duration":130,"link":"https:\/\/mp3.zing.vn\/video-clip\/Anh-Khong-The-Gi-Dau-Anh-Lam-Phuc-Du\/ZWA979O7.html","dwnStatus":1,"favs":248,"streamingStatus":1,"isOfficial":true,"hasAudio":true,"albumId":"1110384477","gId":"1,8,9","modifiedDate":1551093786,"id":1078995127,"artAvatar":"http:\/\/photo-zmp3.zadn.vn\/thumb\/240_240\/avatars\/c\/7\/d\/d\/c7dd387c9456e4eb893d5fc63b238dd0.jpg","thumb":"http:\/\/photo-zmp3.zadn.vn\/thumb\/240_135\/thumb_video\/c\/d\/0\/2\/cd02ccc3eea958fe1319a3ab1dea96dd.jpg","art":"Phúc Du","lrcId":"7072072","gName":"Việt Nam,Nhạc Trẻ,Rap Việt","artId":"736686","cName":"Phúc Du","isWorld":true,"username":""},{"isFav":false,"plays":427435,"status":1,"title":"Đời Là Thế Thôi (Chạm Mặt Giang Hồ OST)","adsDis":false,"contentOwner":"Zing","lrc":"","releaseDate":null,"duration":265,"link":"https:\/\/mp3.zing.vn\/video-clip\/Doi-La-The-Thoi-Cham-Mat-Giang-Ho-OST-Phu-Le\/ZWA80A9D.html","dwnStatus":1,"favs":7231,"streamingStatus":1,"isOfficial":true,"hasAudio":true,"albumId":"1109140141","gId":"1,8,58,12109","modifiedDate":1548846517,"id":1078901277,"artAvatar":"http:\/\/photo-zmp3.zadn.vn\/thumb\/240_240\/avatars\/8\/6\/a\/4\/86a42ca7db0666be65920928b15565bd.jpg","thumb":"http:\/\/photo-zmp3.zadn.vn\/thumb\/240_135\/thumb_video\/e\/e\/3\/a\/ee3ab0b10a0300e59f11ec7647a6da29.jpg","art":"Phú Lê","lrcId":"7070689","gName":"Việt Nam,Nhạc Trẻ,Nhạc Phim,V-Pop","artId":"718748","cName":"Quách Beem","isWorld":true,"username":""},{"isFav":false,"plays":1263961,"status":1,"title":"Em Sẽ Là Cô Dâu","adsDis":false,"contentOwner":"Zing","lrc":"http:\/\/static.mp3.zdn.vn\/lyrics\/e\/1\/8\/3\/e183f9d72991c53382aba3580c009dac.lrc","releaseDate":null,"duration":293,"link":"https:\/\/mp3.zing.vn\/video-clip\/Em-Se-La-Co-Dau-Minh-Vuong-M4U-Huy-Cung\/ZWA09EZ8.html","dwnStatus":1,"favs":14108,"streamingStatus":1,"isOfficial":true,"hasAudio":true,"albumId":"1106487911","gId":"1,8","modifiedDate":1545213721,"id":1078414808,"artAvatar":"http:\/\/photo-zmp3.zadn.vn\/thumb\/240_240\/avatars\/8\/1\/8142308a12a798886cc342e51b436fec_1511496189.jpg","thumb":"http:\/\/photo-zmp3.zadn.vn\/thumb\/240_135\/thumb_video\/f\/f\/2\/4\/ff2486eb5728b37f7dae10a35c076b5f.jpg","art":"Minh Vương M4U, Huy Cung","lrcId":"7067103","gName":"Việt Nam,Nhạc Trẻ","artId":"3879,630068","cName":"Hoàng Bảo Nam","isWorld":true,"username":""},{"isFav":false,"plays":45286,"status":1,"title":"Lời Hẹn Ngàn Năm (3D Cung Tâm Kế OST)","adsDis":false,"contentOwner":"Zing","lrc":"","releaseDate":null,"duration":276,"link":"https:\/\/mp3.zing.vn\/video-clip\/Loi-Hen-Ngan-Nam-3D-Cung-Tam-Ke-OST-Tran-Thanh-Thao\/ZWA7WWBF.html","dwnStatus":1,"favs":984,"streamingStatus":1,"isOfficial":true,"hasAudio":true,"albumId":"1107999243","gId":"1,8,58,12109","modifiedDate":1550218906,"id":1078841919,"artAvatar":"http:\/\/photo-zmp3.zadn.vn\/thumb\/240_240\/avatars\/0\/a\/3\/5\/0a35114b36436ad3a1827bcd81fd770d.jpg","thumb":"http:\/\/photo-zmp3.zadn.vn\/thumb\/240_135\/thumb_video\/7\/5\/3\/f\/753f9c64fdb9c403d688a58e5397ede5.jpg","art":"Trần Thanh Thảo","lrcId":"7069073","gName":"Việt Nam,Nhạc Trẻ,Nhạc Phim,V-Pop","artId":"704399","cName":"Nguyễn Văn Chung","isWorld":true,"username":""},{"isFav":false,"plays":52490,"status":1,"title":"Không Còn Nợ Nhau","adsDis":false,"contentOwner":"Zing","lrc":"","releaseDate":null,"duration":282,"link":"https:\/\/mp3.zing.vn\/video-clip\/Khong-Con-No-Nhau-Le-Quyen\/ZWA7DEI7.html","dwnStatus":1,"favs":510,"streamingStatus":1,"isOfficial":true,"hasAudio":true,"albumId":"1109090333","gId":"1,11","modifiedDate":1551262122,"id":1078889879,"artAvatar":"http:\/\/photo-zmp3.zadn.vn\/thumb\/240_240\/avatars\/3\/3\/d\/5\/33d5c02a49a4234de695ac978b416029.jpg","thumb":"http:\/\/photo-zmp3.zadn.vn\/thumb\/240_135\/thumb_video\/7\/c\/7\/7\/7c77ff67510892537a1cbc95da1e570c.jpg","art":"Lệ Quyên","lrcId":"7070597","gName":"Việt Nam,Nhạc Trữ Tình","artId":"100","cName":"Phúc Trường","isWorld":true,"username":""},{"isFav":false,"plays":56252,"status":1,"title":"Tình Thư","adsDis":false,"contentOwner":"Zing","lrc":"","releaseDate":null,"duration":625,"link":"https:\/\/mp3.zing.vn\/video-clip\/Tinh-Thu-Minh-Vuong-M4U-Thuy-Chi\/ZWA86BCC.html","dwnStatus":1,"favs":1104,"streamingStatus":1,"isOfficial":true,"hasAudio":true,"albumId":"1110091229","gId":"1,8,12109","modifiedDate":1550576015,"id":1078926156,"artAvatar":"http:\/\/photo-zmp3.zadn.vn\/thumb\/240_240\/avatars\/8\/1\/8142308a12a798886cc342e51b436fec_1511496189.jpg","thumb":"http:\/\/photo-zmp3.zadn.vn\/thumb\/240_135\/thumb_video\/b\/3\/d\/7\/b3d753c68f54ed2140ca0aa76bb76ade.jpg","art":"Minh Vương M4U, Thùy Chi","lrcId":"7071756","gName":"Việt Nam,Nhạc Trẻ,V-Pop","artId":"3879,2034","cName":"Lê Việt Khánh","isWorld":true,"username":""},{"isFav":false,"plays":52987,"status":1,"title":"Em Là Cô Gái Miền Trung","adsDis":false,"contentOwner":"Zing","lrc":"","releaseDate":null,"duration":281,"link":"https:\/\/mp3.zing.vn\/video-clip\/Em-La-Co-Gai-Mien-Trung-Le-Trong-Hieu\/ZWA87UDB.html","dwnStatus":1,"favs":744,"streamingStatus":1,"isOfficial":true,"hasAudio":true,"albumId":"1110167951","gId":"1,8,12109","modifiedDate":1550821454,"id":1078928475,"artAvatar":"http:\/\/photo-zmp3.zadn.vn\/thumb\/240_240\/avatars\/3\/f\/3fb5ed13afe8714a7e5d13ee506003dd_1457349087.jpg","thumb":"http:\/\/photo-zmp3.zadn.vn\/thumb\/240_135\/thumb_video\/9\/c\/8\/2\/9c8211ffcc3c573ddf7b04a24594c016.jpg","art":"Lê Trọng Hiếu","lrcId":"7071900","gName":"Việt Nam,Nhạc Trẻ,V-Pop","artId":"49356","cName":"Jang Phan","isWorld":true,"username":""},{"isFav":false,"plays":177762,"status":1,"title":"Ánh Trăng Nói Hộ Lòng Tôi (Cover)","adsDis":false,"contentOwner":"Zing","lrc":"","releaseDate":null,"duration":242,"link":"https:\/\/mp3.zing.vn\/video-clip\/Anh-Trang-Noi-Ho-Long-Toi-Cover-Jang-Mi\/ZWA86W70.html","dwnStatus":1,"favs":3032,"streamingStatus":1,"isOfficial":true,"hasAudio":true,"albumId":"1109941330","gId":"1,8,12109","modifiedDate":1550650549,"id":1078923760,"artAvatar":"http:\/\/photo-zmp3.zadn.vn\/thumb\/240_240\/avatars\/d\/1\/d122f030d505f3a4f51cc333343e95ee_1499850029.jpg","thumb":"http:\/\/photo-zmp3.zadn.vn\/thumb\/240_135\/thumb_video\/7\/0\/7\/9\/707992df71f2af521cbddfb2188054ae.jpg","art":"Jang Mi","lrcId":"7071614","gName":"Việt Nam,Nhạc Trẻ,V-Pop","artId":"12298","cName":"Nhạc Ngoại Lời Việt, Khánh Đơn","isWorld":true,"username":""},{"isFav":false,"plays":148140,"status":1,"title":"Cát Bụi Cuộc Đời (Chạm Mặt Giang Hồ OST)","adsDis":false,"contentOwner":"Zing","lrc":"","releaseDate":null,"duration":331,"link":"https:\/\/mp3.zing.vn\/video-clip\/Cat-Bui-Cuoc-Doi-Cham-Mat-Giang-Ho-OST-Phu-Le\/ZWA8ZZ76.html","dwnStatus":1,"favs":2742,"streamingStatus":1,"isOfficial":true,"hasAudio":true,"albumId":"1109719374","gId":"1,11","modifiedDate":1549881565,"id":1078920438,"artAvatar":"http:\/\/photo-zmp3.zadn.vn\/thumb\/240_240\/avatars\/8\/6\/a\/4\/86a42ca7db0666be65920928b15565bd.jpg","thumb":"http:\/\/photo-zmp3.zadn.vn\/thumb\/240_135\/thumb_video\/4\/b\/9\/6\/4b962f92ffe35f2a97c6cecab7f66c18.jpg","art":"Phú Lê","lrcId":"7071164","gName":"Việt Nam,Nhạc Trữ Tình","artId":"718748","cName":"Unknown","isWorld":true,"username":""}]}],"timestamp":1551736780296,"msg":"Success"}